id,piece_id,receiver_id,course,side,kind,face,u,v,w,screw_id,screw_length,diameter,through,penetration,pilot_mode,pilot_diameter_mm,pilot_depth_mm,head_seat
first-bed-01-C1-N-F01,first-bed-01-C1-N,first-bed-01-C1-W,1,N,corner,OUTER,50,100,50,wickes-287686,150,7,100,50,unconfirmed,,,unconfirmed
first-bed-01-C1-N-F02,first-bed-01-C1-N,first-bed-01-C1-W,1,N,corner,OUTER,50,100,150,wickes-287686,150,7,100,50,unconfirmed,,,unconfirmed
first-bed-01-C1-N-F03,first-bed-01-C1-N,first-bed-01-C1-E,1,N,corner,OUTER,2350,100,50,wickes-287686,150,7,100,50,unconfirmed,,,unconfirmed
first-bed-01-C1-N-F04,first-bed-01-C1-N,first-bed-01-C1-E,1,N,corner,OUTER,2350,100,150,wickes-287686,150,7,100,50,unconfirmed,,,unconfirmed
first-bed-01-C1-S-F01,first-bed-01-C1-S,first-bed-01-C1-W,1,S,corner,OUTER,50,0,50,wickes-287686,150,7,100,50,unconfirmed,,,unconfirmed
first-bed-01-C1-S-F02,first-bed-01-C1-S,first-bed-01-C1-W,1,S,corner,OUTER,50,0,150,wickes-287686,150,7,100,50,unconfirmed,,,unconfirmed
first-bed-01-C1-S-F03,first-bed-01-C1-S,first-bed-01-C1-E,1,S,corner,OUTER,2350,0,50,wickes-287686,150,7,100,50,unconfirmed,,,unconfirmed
first-bed-01-C1-S-F04,first-bed-01-C1-S,first-bed-01-C1-E,1,S,corner,OUTER,2350,0,150,wickes-287686,150,7,100,50,unconfirmed,,,unconfirmed
first-bed-01-C2-E-F01,first-bed-01-C2-E,first-bed-01-C1-E,2,E,stack,TOP,200,50,200,wickes-287688,250,7,200,50,unconfirmed,,,unconfirmed
first-bed-01-C2-E-F02,first-bed-01-C2-E,first-bed-01-C1-E,2,E,stack,TOP,600,50,200,wickes-287688,250,7,200,50,unconfirmed,,,unconfirmed
first-bed-01-C2-E-F03,first-bed-01-C2-E,first-bed-01-C1-E,2,E,stack,TOP,1000,50,200,wickes-287688,250,7,200,50,unconfirmed,,,unconfirmed
first-bed-01-C2-N-F01,first-bed-01-C2-N,first-bed-01-C2-W,2,N,corner,OUTER,50,100,50,wickes-287686,150,7,100,50,unconfirmed,,,unconfirmed
first-bed-01-C2-N-F02,first-bed-01-C2-N,first-bed-01-C2-W,2,N,corner,OUTER,50,100,150,wickes-287686,150,7,100,50,unconfirmed,,,unconfirmed
first-bed-01-C2-N-F03,first-bed-01-C2-N,first-bed-01-C2-E,2,N,corner,OUTER,2350,100,50,wickes-287686,150,7,100,50,unconfirmed,,,unconfirmed
first-bed-01-C2-N-F04,first-bed-01-C2-N,first-bed-01-C2-E,2,N,corner,OUTER,2350,100,150,wickes-287686,150,7,100,50,unconfirmed,,,unconfirmed
first-bed-01-C2-N-F05,first-bed-01-C2-N,first-bed-01-C1-N,2,N,stack,TOP,200,50,200,wickes-287688,250,7,200,50,unconfirmed,,,unconfirmed
first-bed-01-C2-N-F06,first-bed-01-C2-N,first-bed-01-C1-N,2,N,stack,TOP,700,50,200,wickes-287688,250,7,200,50,unconfirmed,,,unconfirmed
first-bed-01-C2-N-F07,first-bed-01-C2-N,first-bed-01-C1-N,2,N,stack,TOP,1200,50,200,wickes-287688,250,7,200,50,unconfirmed,,,unconfirmed
first-bed-01-C2-N-F08,first-bed-01-C2-N,first-bed-01-C1-N,2,N,stack,TOP,1700,50,200,wickes-287688,250,7,200,50,unconfirmed,,,unconfirmed
first-bed-01-C2-N-F09,first-bed-01-C2-N,first-bed-01-C1-N,2,N,stack,TOP,2200,50,200,wickes-287688,250,7,200,50,unconfirmed,,,unconfirmed
first-bed-01-C2-S-F01,first-bed-01-C2-S,first-bed-01-C2-W,2,S,corner,OUTER,50,0,50,wickes-287686,150,7,100,50,unconfirmed,,,unconfirmed
first-bed-01-C2-S-F02,first-bed-01-C2-S,first-bed-01-C2-W,2,S,corner,OUTER,50,0,150,wickes-287686,150,7,100,50,unconfirmed,,,unconfirmed
first-bed-01-C2-S-F03,first-bed-01-C2-S,first-bed-01-C2-E,2,S,corner,OUTER,2350,0,50,wickes-287686,150,7,100,50,unconfirmed,,,unconfirmed
first-bed-01-C2-S-F04,first-bed-01-C2-S,first-bed-01-C2-E,2,S,corner,OUTER,2350,0,150,wickes-287686,150,7,100,50,unconfirmed,,,unconfirmed
first-bed-01-C2-S-F05,first-bed-01-C2-S,first-bed-01-C1-S,2,S,stack,TOP,200,50,200,wickes-287688,250,7,200,50,unconfirmed,,,unconfirmed
first-bed-01-C2-S-F06,first-bed-01-C2-S,first-bed-01-C1-S,2,S,stack,TOP,700,50,200,wickes-287688,250,7,200,50,unconfirmed,,,unconfirmed
first-bed-01-C2-S-F07,first-bed-01-C2-S,first-bed-01-C1-S,2,S,stack,TOP,1200,50,200,wickes-287688,250,7,200,50,unconfirmed,,,unconfirmed
first-bed-01-C2-S-F08,first-bed-01-C2-S,first-bed-01-C1-S,2,S,stack,TOP,1700,50,200,wickes-287688,250,7,200,50,unconfirmed,,,unconfirmed
first-bed-01-C2-S-F09,first-bed-01-C2-S,first-bed-01-C1-S,2,S,stack,TOP,2200,50,200,wickes-287688,250,7,200,50,unconfirmed,,,unconfirmed
first-bed-01-C2-W-F01,first-bed-01-C2-W,first-bed-01-C1-W,2,W,stack,TOP,200,50,200,wickes-287688,250,7,200,50,unconfirmed,,,unconfirmed
first-bed-01-C2-W-F02,first-bed-01-C2-W,first-bed-01-C1-W,2,W,stack,TOP,600,50,200,wickes-287688,250,7,200,50,unconfirmed,,,unconfirmed
first-bed-01-C2-W-F03,first-bed-01-C2-W,first-bed-01-C1-W,2,W,stack,TOP,1000,50,200,wickes-287688,250,7,200,50,unconfirmed,,,unconfirmed
first-bed-01-C3-E-F01,first-bed-01-C3-E,first-bed-01-C2-E,3,E,stack,TOP,240,50,200,wickes-287688,250,7,200,50,unconfirmed,,,unconfirmed
first-bed-01-C3-E-F02,first-bed-01-C3-E,first-bed-01-C2-E,3,E,stack,TOP,640,50,200,wickes-287688,250,7,200,50,unconfirmed,,,unconfirmed
first-bed-01-C3-E-F03,first-bed-01-C3-E,first-bed-01-C2-E,3,E,stack,TOP,1040,50,200,wickes-287688,250,7,200,50,unconfirmed,,,unconfirmed
first-bed-01-C3-N-F01,first-bed-01-C3-N,first-bed-01-C3-W,3,N,corner,OUTER,50,100,50,wickes-287686,150,7,100,50,unconfirmed,,,unconfirmed
first-bed-01-C3-N-F02,first-bed-01-C3-N,first-bed-01-C3-W,3,N,corner,OUTER,50,100,150,wickes-287686,150,7,100,50,unconfirmed,,,unconfirmed
first-bed-01-C3-N-F03,first-bed-01-C3-N,first-bed-01-C3-E,3,N,corner,OUTER,2350,100,50,wickes-287686,150,7,100,50,unconfirmed,,,unconfirmed
first-bed-01-C3-N-F04,first-bed-01-C3-N,first-bed-01-C3-E,3,N,corner,OUTER,2350,100,150,wickes-287686,150,7,100,50,unconfirmed,,,unconfirmed
first-bed-01-C3-N-F05,first-bed-01-C3-N,first-bed-01-C2-N,3,N,stack,TOP,240,50,200,wickes-287688,250,7,200,50,unconfirmed,,,unconfirmed
first-bed-01-C3-N-F06,first-bed-01-C3-N,first-bed-01-C2-N,3,N,stack,TOP,740,50,200,wickes-287688,250,7,200,50,unconfirmed,,,unconfirmed
first-bed-01-C3-N-F07,first-bed-01-C3-N,first-bed-01-C2-N,3,N,stack,TOP,1240,50,200,wickes-287688,250,7,200,50,unconfirmed,,,unconfirmed
first-bed-01-C3-N-F08,first-bed-01-C3-N,first-bed-01-C2-N,3,N,stack,TOP,1740,50,200,wickes-287688,250,7,200,50,unconfirmed,,,unconfirmed
first-bed-01-C3-N-F09,first-bed-01-C3-N,first-bed-01-C2-N,3,N,stack,TOP,2240,50,200,wickes-287688,250,7,200,50,unconfirmed,,,unconfirmed
first-bed-01-C3-S-F01,first-bed-01-C3-S,first-bed-01-C3-W,3,S,corner,OUTER,50,0,50,wickes-287686,150,7,100,50,unconfirmed,,,unconfirmed
first-bed-01-C3-S-F02,first-bed-01-C3-S,first-bed-01-C3-W,3,S,corner,OUTER,50,0,150,wickes-287686,150,7,100,50,unconfirmed,,,unconfirmed
first-bed-01-C3-S-F03,first-bed-01-C3-S,first-bed-01-C3-E,3,S,corner,OUTER,2350,0,50,wickes-287686,150,7,100,50,unconfirmed,,,unconfirmed
first-bed-01-C3-S-F04,first-bed-01-C3-S,first-bed-01-C3-E,3,S,corner,OUTER,2350,0,150,wickes-287686,150,7,100,50,unconfirmed,,,unconfirmed
first-bed-01-C3-S-F05,first-bed-01-C3-S,first-bed-01-C2-S,3,S,stack,TOP,240,50,200,wickes-287688,250,7,200,50,unconfirmed,,,unconfirmed
first-bed-01-C3-S-F06,first-bed-01-C3-S,first-bed-01-C2-S,3,S,stack,TOP,740,50,200,wickes-287688,250,7,200,50,unconfirmed,,,unconfirmed
first-bed-01-C3-S-F07,first-bed-01-C3-S,first-bed-01-C2-S,3,S,stack,TOP,1240,50,200,wickes-287688,250,7,200,50,unconfirmed,,,unconfirmed
first-bed-01-C3-S-F08,first-bed-01-C3-S,first-bed-01-C2-S,3,S,stack,TOP,1740,50,200,wickes-287688,250,7,200,50,unconfirmed,,,unconfirmed
first-bed-01-C3-S-F09,first-bed-01-C3-S,first-bed-01-C2-S,3,S,stack,TOP,2240,50,200,wickes-287688,250,7,200,50,unconfirmed,,,unconfirmed
first-bed-01-C3-W-F01,first-bed-01-C3-W,first-bed-01-C2-W,3,W,stack,TOP,240,50,200,wickes-287688,250,7,200,50,unconfirmed,,,unconfirmed
first-bed-01-C3-W-F02,first-bed-01-C3-W,first-bed-01-C2-W,3,W,stack,TOP,640,50,200,wickes-287688,250,7,200,50,unconfirmed,,,unconfirmed
first-bed-01-C3-W-F03,first-bed-01-C3-W,first-bed-01-C2-W,3,W,stack,TOP,1040,50,200,wickes-287688,250,7,200,50,unconfirmed,,,unconfirmed
